name,pcode,state,idp_count
Akobo,SS0301,Jonglei,
Ayod,SS0302,Jonglei,
Bor South,SS0303,Jonglei,
Canal/Pigi,SS0304,Jonglei,
Duk,SS0305,Jonglei,
Fangak,SS0306,Jonglei,
Nyirol,SS0307,Jonglei,
Pibor,SS0308,Jonglei,
Pochalla,SS0309,Jonglei,
Twic East,SS0310,Jonglei,
Uror,SS0311,Jonglei,
Abiemnhom,SS0601,Unity,
Guit,SS0602,Unity,
Koch,SS0603,Unity,
Leer,SS0604,Unity,
Mayendit,SS0605,Unity,
Mayom,SS0606,Unity,
Panyijiar,SS0607,Unity,
Pariang,SS0608,Unity,
Rubkona,SS0609,Unity,
Baliet,SS0701,Upper Nile,
Fashoda,SS0702,Upper Nile,
Longochuk,SS0703,Upper Nile,
Luakpiny/Nasir,SS0704,Upper Nile,
Maban,SS0705,Upper Nile,
Maiwut,SS0706,Upper Nile,
Malakal,SS0707,Upper Nile,
Manyo,SS0708,Upper Nile,
Melut,SS0709,Upper Nile,
Panyikang,SS0710,Upper Nile,
Renk,SS0711,Upper Nile,
Ulang,SS0712,Upper Nile,
