facility_name,observed_at,vv_backscatter
Walgak PHCC,2024-11-07,-9.906539709342782
Walgak PHCC,2024-11-14,-11.020176540722327
Walgak PHCC,2024-11-19,-10.039669531183968
Walgak PHCC,2024-11-26,-12.37289663101865
Walgak PHCC,2024-12-08,-13.14104274336148
Walgak PHCC,2024-12-13,-11.376774621944001
Walgak PHCC,2024-12-20,-13.47021003517797
Walgak PHCC,2024-12-25,-11.668397650271407
Ayod PHCC,2024-09-20,-9.858909359566942
Ayod PHCC,2024-10-02,-9.668028694153952
Ayod PHCC,2024-10-14,-9.75676284843533
Ayod PHCC,2024-10-26,-8.968977315901727
Ayod PHCC,2024-11-07,-9.642264613723754
Ayod PHCC,2024-11-19,-9.732259945963284
Ayod PHCC,2024-12-13,-12.026774352968806
Ayod PHCC,2024-12-25,-12.89210307973679
Mogok PHCU,2024-09-20,-9.042402896729813
Mogok PHCU,2024-10-02,-8.22697151296892
Mogok PHCU,2024-10-14,-7.968484296422175
Mogok PHCU,2024-10-26,-8.68290585406416
Mogok PHCU,2024-11-07,-9.491354057405765
Mogok PHCU,2024-11-19,-9.923989852172934
Mogok PHCU,2024-12-13,-11.001954576251341
Mogok PHCU,2024-12-25,-11.560733378133845
Pagil PHCU,2024-09-20,-8.754726542837101
Pagil PHCU,2024-10-02,-8.505836149041208
Pagil PHCU,2024-10-14,-8.395080943526047
Pagil PHCU,2024-10-26,-8.256737107956075
Pagil PHCU,2024-11-07,-8.444298805449925
Pagil PHCU,2024-11-19,-8.755835270802327
Pagil PHCU,2024-12-13,-9.073605944361969
Pagil PHCU,2024-12-25,-9.597928269216096
Ascom Ayod PHCC,2024-09-20,-10.2711057780122
Ascom Ayod PHCC,2024-10-02,-9.637429940148296
Ascom Ayod PHCC,2024-10-14,-9.86756878580244
Ascom Ayod PHCC,2024-10-26,-8.985582633921661
Ascom Ayod PHCC,2024-11-07,-9.933681406587047
Ascom Ayod PHCC,2024-11-19,-9.836713996548694
Ascom Ayod PHCC,2024-12-13,-11.953969323294
Ascom Ayod PHCC,2024-12-25,-13.099866193861873
Wan Machar PHCC,2024-09-20,-11.416670726640879
Wan Machar PHCC,2024-10-02,-10.068751884589878
Wan Machar PHCC,2024-10-14,-10.007881073227836
Wan Machar PHCC,2024-10-26,-9.945439220096269
Wan Machar PHCC,2024-11-07,-9.085684536817494
Wan Machar PHCC,2024-11-19,-8.257976407607952
Wan Machar PHCC,2024-12-13,-8.849861685581605
Wan Machar PHCC,2024-12-25,-9.727556193379725
Baidit PHCC,2024-09-20,-12.317745019245647
Baidit PHCC,2024-10-02,-10.092375925979404
Baidit PHCC,2024-10-14,-10.296369862004903
Baidit PHCC,2024-10-26,-9.483559202195197
Baidit PHCC,2024-11-07,-9.387997310709888
Baidit PHCC,2024-11-19,-9.161769939843243
Baidit PHCC,2024-12-13,-11.131759873280647
Baidit PHCC,2024-12-25,-12.267636199615717
Jalle PHCC,2024-09-20,-9.079476391594296
Jalle PHCC,2024-10-02,-9.010349247263523
Jalle PHCC,2024-10-14,-10.82392157275772
Jalle PHCC,2024-10-26,-13.810766065672773
Jalle PHCC,2024-11-07,-12.436041770249615
Jalle PHCC,2024-11-19,-8.73201801844683
Jalle PHCC,2024-12-13,-13.883780207253785
Jalle PHCC,2024-12-25,-14.671998273215104
Kolnyang PHCC,2024-09-20,-9.591511277486958
Kolnyang PHCC,2024-10-02,-7.883249737280042
Kolnyang PHCC,2024-10-14,-8.547412514172859
Kolnyang PHCC,2024-10-26,-8.424644977771061
Kolnyang PHCC,2024-11-07,-8.878259125970391
Kolnyang PHCC,2024-11-19,-8.152798938288015
Kolnyang PHCC,2024-12-13,-10.692231644180028
Kolnyang PHCC,2024-12-25,-11.467087538947258
Malual Agor Baar PHCC,2024-09-20,-11.163193947068851
Malual Agor Baar PHCC,2024-10-02,-10.442009863130643
Malual Agor Baar PHCC,2024-10-14,-9.684761893637793
Malual Agor Baar PHCC,2024-10-26,-10.534865822833902
Malual Agor Baar PHCC,2024-11-07,-11.257218619272665
Malual Agor Baar PHCC,2024-11-19,-11.641622124428006
Malual Agor Baar PHCC,2024-12-13,-12.99738041110077
Malual Agor Baar PHCC,2024-12-25,-13.141040582371067
Pariak PHCC,2024-09-20,-13.135613038335975
Pariak PHCC,2024-10-02,-14.989215485370078
Pariak PHCC,2024-10-14,-14.014152435151896
Pariak PHCC,2024-10-26,-15.172647351750493
Pariak PHCC,2024-11-07,-15.488647256196694
Pariak PHCC,2024-11-19,-13.981473934677098
Pariak PHCC,2024-12-13,-16.253804727770216
Pariak PHCC,2024-12-25,-16.35969741760793
Makuac PHCC,2024-09-20,-12.194670886707394
Makuac PHCC,2024-10-02,-10.18896968399424
Makuac PHCC,2024-10-14,-10.0964194758485
Makuac PHCC,2024-10-26,-8.35846286512956
Makuac PHCC,2024-11-07,-8.42848557236183
Makuac PHCC,2024-11-19,-9.270671791142737
Makuac PHCC,2024-12-13,-10.90168166261559
Makuac PHCC,2024-12-25,-12.717026973263152
Anyidi PHCU,2024-11-07,-8.51185943889751
Anyidi PHCU,2024-11-14,-9.557840135069357
Anyidi PHCU,2024-11-19,-7.483164508187162
Anyidi PHCU,2024-11-26,-10.066077918718351
Anyidi PHCU,2024-12-08,-11.05381804573586
Anyidi PHCU,2024-12-13,-10.462999624620883
Anyidi PHCU,2024-12-20,-11.228148569089957
Anyidi PHCU,2024-12-25,-10.523453705084936
Bor Prison PHCC,2024-09-20,-11.217789668217279
Bor Prison PHCC,2024-10-02,-10.416041480867293
Bor Prison PHCC,2024-10-14,-10.784682123989878
Bor Prison PHCC,2024-10-26,-9.526557610484593
Bor Prison PHCC,2024-11-07,-10.668012522439266
Bor Prison PHCC,2024-11-19,-11.115270159911177
Bor Prison PHCC,2024-12-13,-12.820495344916571
Bor Prison PHCC,2024-12-25,-13.113035886598054
Poktap PHCC,2024-09-20,-10.357109246427786
Poktap PHCC,2024-10-02,-10.598977167310787
Poktap PHCC,2024-10-14,-10.201866302828304
Poktap PHCC,2024-10-26,-10.267826782515318
Poktap PHCC,2024-11-07,-10.780632323147868
Poktap PHCC,2024-11-19,-9.580216997542687
Poktap PHCC,2024-12-13,-10.931597252147702
Poktap PHCC,2024-12-25,-11.453859574002879
Dok Lost Clinic PHCU,2024-09-20,-9.480764183146052
Dok Lost Clinic PHCU,2024-10-02,-9.411394154211226
Dok Lost Clinic PHCU,2024-10-14,-10.050327816778104
Dok Lost Clinic PHCU,2024-10-26,-9.978574657398708
Dok Lost Clinic PHCU,2024-11-07,-9.98175597241147
Dok Lost Clinic PHCU,2024-11-19,-9.654908471048353
Dok Lost Clinic PHCU,2024-12-13,-11.74862175511221
Dok Lost Clinic PHCU,2024-12-25,-13.208902987077543
Duk/Paborkoi PHCC,2024-09-20,-8.865675585093618
Duk/Paborkoi PHCC,2024-10-02,-9.117027093800395
Duk/Paborkoi PHCC,2024-10-14,-8.373742770619343
Duk/Paborkoi PHCC,2024-10-26,-8.704913242053463
Duk/Paborkoi PHCC,2024-11-07,-9.682938500616775
Duk/Paborkoi PHCC,2024-11-19,-8.75104396397804
Duk/Paborkoi PHCC,2024-12-13,-11.00410999430299
Duk/Paborkoi PHCC,2024-12-25,-11.739900661646134
Old Fangak Hosp,2024-09-20,-9.071857658038958
Old Fangak Hosp,2024-10-02,-9.523004504403955
Old Fangak Hosp,2024-10-14,-9.517661639529038
Old Fangak Hosp,2024-10-26,-9.367299584173276
Old Fangak Hosp,2024-11-07,-9.720718866464923
Old Fangak Hosp,2024-11-19,-9.682783015848065
Old Fangak Hosp,2024-12-13,-9.964005394068623
Old Fangak Hosp,2024-12-25,-9.99846238877071
Nyadiu PHCC,2024-09-20,-12.330436088748646
Nyadiu PHCC,2024-10-02,-11.445746406440135
Nyadiu PHCC,2024-10-14,-12.004253976902246
Nyadiu PHCC,2024-10-26,-12.398670936918514
Nyadiu PHCC,2024-11-07,-11.965886844700174
Nyadiu PHCC,2024-11-19,-12.164350161839463
Nyadiu PHCC,2024-12-13,-12.522336018614032
Nyadiu PHCC,2024-12-25,-12.704190582520784
Pultruk PHCC,2024-09-20,-9.819129024137835
Pultruk PHCC,2024-10-02,-8.247474327269193
Pultruk PHCC,2024-10-14,-8.291853567785997
Pultruk PHCC,2024-10-26,-7.974313299901346
Pultruk PHCC,2024-11-07,-10.895493632232599
Pultruk PHCC,2024-11-19,-11.33954209433446
Pultruk PHCC,2024-12-13,-12.719606787022455
Pultruk PHCC,2024-12-25,-13.057118209327072
Lankien PHCC,2024-09-20,-9.234049310910839
Lankien PHCC,2024-10-02,-7.710663037841704
Lankien PHCC,2024-10-14,-8.226956779105365
Lankien PHCC,2024-10-26,-7.8827630544456895
Lankien PHCC,2024-11-07,-9.67698700041618
Lankien PHCC,2024-11-19,-9.701374322023621
Lankien PHCC,2024-12-13,-10.666934101023966
Lankien PHCC,2024-12-25,-11.129610220171442
Paliau PHCC,2024-09-20,-8.327859067647365
Paliau PHCC,2024-10-02,-7.785737817105143
Paliau PHCC,2024-10-14,-7.873771428053455
Paliau PHCC,2024-10-26,-8.014064330666638
Paliau PHCC,2024-11-07,-7.822504959582804
Paliau PHCC,2024-11-19,-8.320201401714822
Paliau PHCC,2024-12-13,-9.629335350228093
Paliau PHCC,2024-12-25,-9.966046922302093
Wernyol PHCC,2024-09-20,-9.379081455490084
Wernyol PHCC,2024-10-02,-9.9753079024765
Wernyol PHCC,2024-10-14,-10.898181917819846
Wernyol PHCC,2024-10-26,-9.131389095835257
Wernyol PHCC,2024-11-07,-9.526912445481832
Wernyol PHCC,2024-11-19,-8.600718150100594
Wernyol PHCC,2024-12-13,-8.78567211185558
Wernyol PHCC,2024-12-25,-8.947260605091113
Yuai PHCC,2024-09-20,-9.087050964401694
Yuai PHCC,2024-10-02,-9.552201792080004
Yuai PHCC,2024-10-14,-8.446970603676139
Yuai PHCC,2024-10-26,-8.960168155242002
Yuai PHCC,2024-11-07,-9.863161162934588
Yuai PHCC,2024-11-19,-9.25035378472768
Yuai PHCC,2024-12-13,-12.252927962963444
Yuai PHCC,2024-12-25,-12.991706131905726
GUIT PHCC,2024-10-07,-12.719070638570773
GUIT PHCC,2024-10-19,-15.031764303779179
GUIT PHCC,2024-10-31,-16.0457673408314
GUIT PHCC,2024-11-12,-17.23404436676067
GUIT PHCC,2024-11-24,-15.47328119105273
GUIT PHCC,2024-12-06,-18.047296513820974
GUIT PHCC,2024-12-18,-17.25510519813733
GUIT PHCC,2024-12-30,-16.25926655744533
BOAW PHCC,2024-10-07,-11.295881543680212
BOAW PHCC,2024-10-19,-11.6160793003506
BOAW PHCC,2024-10-31,-11.556928407527943
BOAW PHCC,2024-11-12,-11.587091381420647
BOAW PHCC,2024-11-24,-11.86316908524791
BOAW PHCC,2024-12-06,-12.168788815690235
BOAW PHCC,2024-12-18,-12.103533653172853
BOAW PHCC,2024-12-30,-12.298712013430452
KOCH PHCC,2024-10-07,-9.054899153106643
KOCH PHCC,2024-10-19,-9.383822160482508
KOCH PHCC,2024-10-31,-10.349632044843093
KOCH PHCC,2024-11-12,-11.477452335237684
KOCH PHCC,2024-11-24,-12.2137134820357
KOCH PHCC,2024-12-06,-12.785936690865809
KOCH PHCC,2024-12-18,-13.235981096086796
KOCH PHCC,2024-12-30,-13.581517869871444
MIRMIR PHCC,2024-10-07,-7.915277827161017
MIRMIR PHCC,2024-10-19,-8.497504177790542
MIRMIR PHCC,2024-10-31,-9.211696741716706
MIRMIR PHCC,2024-11-12,-9.57303662405039
MIRMIR PHCC,2024-11-24,-9.863171067808862
MIRMIR PHCC,2024-12-06,-10.706471983534314
MIRMIR PHCC,2024-12-18,-10.780706622711765
MIRMIR PHCC,2024-12-30,-11.210012946880715
THONYOR PHCC,2024-11-12,-9.71038730234069
THONYOR PHCC,2024-11-19,-10.848776062104246
THONYOR PHCC,2024-11-24,-9.955965762272411
THONYOR PHCC,2024-12-06,-10.704186434690257
THONYOR PHCC,2024-12-13,-12.03953896264274
THONYOR PHCC,2024-12-18,-10.793443567847211
THONYOR PHCC,2024-12-25,-12.634766135784774
THONYOR PHCC,2024-12-30,-11.301849738143568
ADOKBAK PHCC,2024-11-12,-9.77088512365034
ADOKBAK PHCC,2024-11-19,-10.49266913501332
ADOKBAK PHCC,2024-11-24,-9.488749266639283
ADOKBAK PHCC,2024-12-06,-9.979113638508116
ADOKBAK PHCC,2024-12-13,-11.327148334020553
ADOKBAK PHCC,2024-12-18,-10.023420100865966
ADOKBAK PHCC,2024-12-25,-11.556542085415485
ADOKBAK PHCC,2024-12-30,-10.472708876213385
PHCC,2024-10-07,-8.076499875253905
PHCC,2024-10-19,-9.095994680168332
PHCC,2024-10-31,-10.27514113922223
PHCC,2024-11-12,-11.669169312449327
PHCC,2024-11-24,-12.399783148592041
PHCC,2024-12-06,-12.61508957363156
PHCC,2024-12-18,-12.629176964845822
PHCC,2024-12-30,-12.817361632577706
PRIMARY HEALTH CARE,2024-10-07,-8.755099772439605
PRIMARY HEALTH CARE,2024-10-19,-8.642686248154394
PRIMARY HEALTH CARE,2024-10-31,-8.463925573210636
PRIMARY HEALTH CARE,2024-11-12,-8.826390540921496
PRIMARY HEALTH CARE,2024-11-24,-8.608590171707037
PRIMARY HEALTH CARE,2024-12-06,-8.63655395233784
PRIMARY HEALTH CARE,2024-12-18,-8.526809954297532
PRIMARY HEALTH CARE,2024-12-30,-9.198079653210147
MAYOM PHCC,2024-10-07,-10.13819396032316
MAYOM PHCC,2024-10-19,-10.34056395491921
MAYOM PHCC,2024-10-31,-10.833717540152032
MAYOM PHCC,2024-11-12,-11.595539227843032
MAYOM PHCC,2024-11-24,-12.193789277071614
MAYOM PHCC,2024-12-06,-12.377656389733342
MAYOM PHCC,2024-12-18,-12.249378992424212
MAYOM PHCC,2024-12-30,-12.573760446720192
MANKIEN,2024-10-07,-9.123704645564127
MANKIEN,2024-10-19,-9.954503162351989
MANKIEN,2024-10-31,-10.65511602267831
MANKIEN,2024-11-12,-11.76751697124982
MANKIEN,2024-11-24,-12.599495724137956
MANKIEN,2024-12-06,-13.028438692308049
MANKIEN,2024-12-18,-13.278441121749163
MANKIEN,2024-12-30,-13.715646497833513
WANG KAI PHCC,2024-10-07,-6.325797637513086
WANG KAI PHCC,2024-10-19,-6.2883336792180335
WANG KAI PHCC,2024-10-31,-6.819569867820652
WANG KAI PHCC,2024-11-12,-7.65037990443107
WANG KAI PHCC,2024-11-24,-8.11077135580956
WANG KAI PHCC,2024-12-06,-8.176724224563525
WANG KAI PHCC,2024-12-18,-8.004165028068693
WANG KAI PHCC,2024-12-30,-8.387574466779924
NYAL PHCC,2024-11-12,-10.435185014633543
NYAL PHCC,2024-11-19,-10.099616526193728
NYAL PHCC,2024-11-24,-10.456304515237573
NYAL PHCC,2024-12-06,-10.644977409803962
NYAL PHCC,2024-12-13,-11.084018290973999
NYAL PHCC,2024-12-18,-10.617192451069187
NYAL PHCC,2024-12-25,-11.366225610175643
NYAL PHCC,2024-12-30,-10.977877102732338
GAYANYLIEL PHCC,2024-09-20,-9.360318606731937
GAYANYLIEL PHCC,2024-10-02,-8.971903671783076
GAYANYLIEL PHCC,2024-10-14,-9.146600067072953
GAYANYLIEL PHCC,2024-10-26,-8.831271340428122
GAYANYLIEL PHCC,2024-11-07,-9.072190738444172
GAYANYLIEL PHCC,2024-11-19,-9.04186680314237
GAYANYLIEL PHCC,2024-12-13,-9.371345142573418
GAYANYLIEL PHCC,2024-12-25,-9.748532067371515
BIU PHCC,2024-10-07,-7.765712912581141
BIU PHCC,2024-10-19,-7.391217451350074
BIU PHCC,2024-10-31,-7.525304523975051
BIU PHCC,2024-11-12,-7.953002136818425
BIU PHCC,2024-11-24,-8.508996293697358
BIU PHCC,2024-12-06,-8.862165094459671
BIU PHCC,2024-12-18,-9.204146146989235
BIU PHCC,2024-12-30,-9.44650119883768
PARIANG,2024-10-07,-9.907775632330653
PARIANG,2024-10-19,-9.066222662386316
PARIANG,2024-10-31,-9.994871486688735
PARIANG,2024-11-12,-10.9818254739119
PARIANG,2024-11-24,-11.91390078331237
PARIANG,2024-12-06,-12.65404488696374
PARIANG,2024-12-18,-12.838697053162209
PARIANG,2024-12-30,-13.217581574286532
REANG PHCC,2024-10-07,-10.472565629191351
REANG PHCC,2024-10-19,-9.186926603940712
REANG PHCC,2024-10-31,-11.367554145044473
REANG PHCC,2024-11-12,-12.39926937176366
REANG PHCC,2024-11-24,-13.164401042989322
REANG PHCC,2024-12-06,-13.46921267903189
REANG PHCC,2024-12-18,-13.596334488772559
REANG PHCC,2024-12-30,-13.893341090312294
CARE BENTIU,2024-10-07,-11.045589877063199
CARE BENTIU,2024-10-19,-9.95369238137772
CARE BENTIU,2024-10-31,-11.284557083762863
CARE BENTIU,2024-11-12,-11.643497362273191
CARE BENTIU,2024-11-24,-12.08332671274358
CARE BENTIU,2024-12-06,-12.104997880045678
CARE BENTIU,2024-12-18,-12.146201418830548
CARE BENTIU,2024-12-30,-12.432444513641343
KHAL JAAK PHCC,2024-10-07,-10.7785008440778
KHAL JAAK PHCC,2024-10-19,-9.777265536878522
KHAL JAAK PHCC,2024-10-31,-10.838801526849437
KHAL JAAK PHCC,2024-11-12,-11.854881445696112
KHAL JAAK PHCC,2024-11-24,-11.783031953740965
KHAL JAAK PHCC,2024-12-06,-11.795043666444942
KHAL JAAK PHCC,2024-12-18,-11.200314901501066
KHAL JAAK PHCC,2024-12-30,-11.032177773770123
WAAK PHCC,2024-10-07,-11.053447043553266
WAAK PHCC,2024-10-19,-11.38235249943046
WAAK PHCC,2024-10-31,-11.251141483065489
WAAK PHCC,2024-11-12,-11.17100121618556
WAAK PHCC,2024-11-24,-11.294043280380029
WAAK PHCC,2024-12-06,-11.369016412324477
WAAK PHCC,2024-12-18,-11.64448251127645
WAAK PHCC,2024-12-30,-11.673153122470993
NHIAL DIU PHCC,2024-10-07,-12.371225742104174
NHIAL DIU PHCC,2024-10-19,-12.202426805769477
NHIAL DIU PHCC,2024-10-31,-12.632699702961093
NHIAL DIU PHCC,2024-11-12,-12.066732754243963
NHIAL DIU PHCC,2024-11-24,-12.102675921210666
NHIAL DIU PHCC,2024-12-06,-12.56062528863863
NHIAL DIU PHCC,2024-12-18,-12.77107223630065
NHIAL DIU PHCC,2024-12-30,-12.420196826804432
CARE RUBKONA,2024-10-07,-9.495669879415454
CARE RUBKONA,2024-10-19,-10.285896878781061
CARE RUBKONA,2024-10-31,-10.9656877757422
CARE RUBKONA,2024-11-12,-11.119812121030918
CARE RUBKONA,2024-11-24,-10.852027869883484
CARE RUBKONA,2024-12-06,-11.21107946386283
CARE RUBKONA,2024-12-18,-11.160115486500063
CARE RUBKONA,2024-12-30,-11.523721979008398
NILE GANGAH B-V,2024-10-07,-9.627352887339496
NILE GANGAH B-V,2024-10-19,-10.277694998767714
NILE GANGAH B-V,2024-10-31,-10.815140038542525
NILE GANGAH B-V,2024-11-12,-11.02967224083667
NILE GANGAH B-V,2024-11-24,-11.298712543585031
NILE GANGAH B-V,2024-12-06,-11.344934787514106
NILE GANGAH B-V,2024-12-18,-11.447444039931797
NILE GANGAH B-V,2024-12-30,-11.352671293527184
GUELGUK PHCC,2024-09-27,-10.28432180588429
GUELGUK PHCC,2024-10-09,-9.147598189424851
GUELGUK PHCC,2024-10-21,-7.85902094154453
GUELGUK PHCC,2024-11-02,-8.743660005094513
GUELGUK PHCC,2024-11-14,-9.309331259753936
GUELGUK PHCC,2024-11-26,-10.382969260073244
GUELGUK PHCC,2024-12-08,-10.931135028288294
GUELGUK PHCC,2024-12-20,-11.597220989310129
KIECH KUON,2024-09-27,-10.439707553639055
KIECH KUON,2024-10-09,-9.844270235665798
KIECH KUON,2024-10-21,-10.326550882832015
KIECH KUON,2024-11-02,-10.034636908162703
KIECH KUON,2024-11-14,-9.108979699993814
KIECH KUON,2024-11-26,-9.309980170267298
KIECH KUON,2024-12-08,-9.854592140600088
KIECH KUON,2024-12-20,-10.291855055947654
ULANG PHCC,2024-09-27,-9.017136923783028
ULANG PHCC,2024-10-09,-9.248956080287954
ULANG PHCC,2024-10-21,-10.280928786386285
ULANG PHCC,2024-11-02,-9.73465512116924
ULANG PHCC,2024-11-14,-9.190936858796139
ULANG PHCC,2024-11-26,-10.731220252840806
ULANG PHCC,2024-12-08,-10.9529422689964
ULANG PHCC,2024-12-20,-11.285759433853611
RUP BOARD PHCC,2024-09-27,-9.787253721294775
RUP BOARD PHCC,2024-10-09,-9.500435578228089
RUP BOARD PHCC,2024-10-21,-9.60126247186047
RUP BOARD PHCC,2024-11-02,-9.806295876506677
RUP BOARD PHCC,2024-11-14,-8.965823831729088
RUP BOARD PHCC,2024-11-26,-10.365159681969546
RUP BOARD PHCC,2024-12-08,-10.813758282369246
RUP BOARD PHCC,2024-12-20,-11.31572810556243
JIKMIR PHCC,2024-09-27,-11.270914804670625
JIKMIR PHCC,2024-10-09,-10.511571245165422
JIKMIR PHCC,2024-10-21,-11.372507866294328
JIKMIR PHCC,2024-11-02,-11.483262469604725
JIKMIR PHCC,2024-11-14,-11.947455900114862
JIKMIR PHCC,2024-11-26,-12.252035280134649
JIKMIR PHCC,2024-12-08,-12.344530946839466
JIKMIR PHCC,2024-12-20,-12.550277534231414
MADING PHCC,2024-09-27,-9.722237713275014
MADING PHCC,2024-10-09,-8.512366846570576
MADING PHCC,2024-10-21,-8.87381343762258
MADING PHCC,2024-11-02,-9.718305308451061
MADING PHCC,2024-11-14,-9.659954843564835
MADING PHCC,2024-11-26,-10.426529019560324
MADING PHCC,2024-12-08,-10.930511782626319
MADING PHCC,2024-12-20,-11.246910232295148
BOUNY PHCC,2024-09-27,-8.955894352978987
BOUNY PHCC,2024-10-09,-9.161312594995838
BOUNY PHCC,2024-10-21,-8.636485485034639
BOUNY PHCC,2024-11-02,-9.10838611902385
BOUNY PHCC,2024-11-14,-9.484000378900934
BOUNY PHCC,2024-11-26,-10.412923149135242
BOUNY PHCC,2024-12-08,-10.933849311681719
BOUNY PHCC,2024-12-20,-11.20377727806632
ULENG PHCC,2024-09-27,-7.8948196626731235
ULENG PHCC,2024-10-09,-7.4067318555874815
ULENG PHCC,2024-10-21,-7.769384552692399
ULENG PHCC,2024-11-02,-8.632670704282921
ULENG PHCC,2024-11-14,-8.99996882711485
ULENG PHCC,2024-11-26,-9.360062861823904
ULENG PHCC,2024-12-08,-9.863915807478092
ULENG PHCC,2024-12-20,-10.040368292080808
CHUTBORA PHCC,2024-09-27,-8.37071643952418
CHUTBORA PHCC,2024-10-09,-8.03764353804669
CHUTBORA PHCC,2024-10-21,-7.785467390622422
CHUTBORA PHCC,2024-11-02,-8.529584107908176
CHUTBORA PHCC,2024-11-14,-8.631316083384469
CHUTBORA PHCC,2024-11-26,-9.453376618696604
CHUTBORA PHCC,2024-12-08,-10.194555326163936
CHUTBORA PHCC,2024-12-20,-10.712953090978504
DOROW PHCC,2024-09-27,-9.02780646893383
DOROW PHCC,2024-10-09,-9.188774059602625
DOROW PHCC,2024-10-21,-8.867569543677202
DOROW PHCC,2024-11-02,-9.593732828169495
DOROW PHCC,2024-11-14,-9.593317407479722
DOROW PHCC,2024-11-26,-10.475848215718544
DOROW PHCC,2024-12-08,-11.238046076361073
DOROW PHCC,2024-12-20,-11.633068649836066
MAIWUT PHCC,2024-09-27,-8.521402354843266
MAIWUT PHCC,2024-10-09,-8.254446194102279
MAIWUT PHCC,2024-10-21,-7.596539705852052
MAIWUT PHCC,2024-11-02,-7.927598832344654
MAIWUT PHCC,2024-11-14,-8.500461225749445
MAIWUT PHCC,2024-11-26,-8.689815249648154
MAIWUT PHCC,2024-12-08,-9.278616515588105
MAIWUT PHCC,2024-12-20,-9.156369315862815
DAJOK PHCC,2024-09-27,-8.296250050217873
DAJOK PHCC,2024-10-09,-8.259204163160804
DAJOK PHCC,2024-10-21,-8.016965784782986
DAJOK PHCC,2024-11-02,-8.262935852799181
DAJOK PHCC,2024-11-14,-8.183912962958852
DAJOK PHCC,2024-11-26,-9.159944498247608
DAJOK PHCC,2024-12-08,-10.013858445983761
DAJOK PHCC,2024-12-20,-10.462360976505462
PAGAT PHCC,2024-09-27,-9.30709196726122
PAGAT PHCC,2024-10-09,-8.938370689588975
PAGAT PHCC,2024-10-21,-8.637429393469755
PAGAT PHCC,2024-11-02,-7.812141868985682
PAGAT PHCC,2024-11-14,-8.163510577541619
PAGAT PHCC,2024-11-26,-9.458067021561602
PAGAT PHCC,2024-12-08,-10.352137477276923
PAGAT PHCC,2024-12-20,-10.701165536757498
Pochalla PHCC,2024-11-14,-7.678711603801982
Pochalla PHCC,2024-11-21,-8.74027751720737
Pochalla PHCC,2024-11-26,-7.9930487271041155
Pochalla PHCC,2024-12-03,-9.435487016891175
Pochalla PHCC,2024-12-08,-8.398799259943225
Pochalla PHCC,2024-12-15,-9.759325463888374
Pochalla PHCC,2024-12-20,-8.950754827250245
Pochalla PHCC,2024-12-27,-9.137597834730348
Oang PHCC,2024-10-04,-9.027331451326122
Oang PHCC,2024-10-16,-8.706184630945096
Oang PHCC,2024-10-28,-8.82813829642136
Oang PHCC,2024-11-09,-8.814147722594587
Oang PHCC,2024-11-21,-8.5068437953475
Oang PHCC,2024-12-03,-8.769507259269886
Oang PHCC,2024-12-15,-8.999041529163256
Oang PHCC,2024-12-27,-9.412546004626043
Churi PHCC,2024-10-04,-8.663800413769383
Churi PHCC,2024-10-16,-8.317963150157352
Churi PHCC,2024-10-28,-8.515700960128523
Churi PHCC,2024-11-09,-8.973068566197451
Churi PHCC,2024-11-21,-8.09480535268049
Churi PHCC,2024-12-03,-8.586352767959609
Churi PHCC,2024-12-15,-8.928740835252372
Churi PHCC,2024-12-27,-9.090174934247289
