worker_id,name,pin,role,facility_id,county,phone
CHW-001,Nyakim Gach,1234,CHW,NHIAL DIU PHCC,Rubkona,+211 92 520 1718
CHW-002,Arok Chol,5678,CHW,MELUF PHCC,Melut,+211 92 285 4105
CHW-003,Tut Riek,7212,CHW,CARE BENTIU,Rubkona,+211 91 248 9701
CHW-004,Machar Tap,7279,CHW,CARE RUBKONA,Rubkona,+211 98 206 5635
CHW-005,Nyakume Yien,6445,CHW,NILE GANGAH B-V,Rubkona,+211 92 241 3500
CHW-006,Nyamuch Riek,1461,CHW,KHAL JAAK PHCC,Rubkona,+211 92 343 6967
CHW-007,Nyakim Yiech,8302,CHW,REANG PHCC,Rubkona,+211 92 248 2758
CHW-008,Nyanhial Buom,4775,CHW,GUIT PHCC,Guit,+211 91 967 2884
CHW-009,Nyagoa Diew,0775,CHW,WAAK PHCC,Rubkona,+211 98 733 9145
CHW-010,Awan Thon,4631,CHW,GIEGER PHCC,Renk,+211 92 477 9103
CHW-011,Oyath Ochan,0041,CHW,KAKA PHCC,Manyo,+211 91 170 3353
CHW-012,Adhiambo Ador,1057,CHW,AWETH PHCC,Manyo,+211 92 525 6219
CHW-013,Kwongo Ajang,6266,CHW,WADAKON PHCC,Manyo,+211 92 505 6592
CHW-014,Ayaa Obwony,0346,CHW,N.H.I,Manyo,+211 92 869 5229
CHW-015,Obuwa Owiti,0339,CHW,WAU SHILLUK HEALTH,Malakal,+211 92 816 1016
CHW-016,Nyawelo Obwony,0389,CHW,BAM PHCC,Malakal,+211 91 753 5499
CHW-017,Akwot Ochan,3035,CHW,NATIONAL HEALTH INSURANCE,Malakal,+211 98 417 1528
CHW-018,Kuir Maker,2562,CHW,Baidit PHCC,Bor South,+211 91 441 6102
CHW-019,Madut Chol,6063,CHW,Paliau PHCC,Twic East,+211 98 950 8994
CHW-020,Ayak Mabior,9607,CHW,Wernyol PHCC,Twic East,+211 98 343 1212
CHW-021,Nyandeng Mabior,0375,CHW,Poktap PHCC,Duk,+211 98 153 5385
CHW-022,Nyadak Diew,0861,CHW,Mogok PHCU,Ayod,+211 92 939 5422
CHW-023,Tap Nhial,5561,CHW,Pagil PHCU,Ayod,+211 98 372 9264
CHW-024,Tut Puok,1724,CHW,Ascom Ayod PHCC,Ayod,+211 98 624 6750
SUP-001,Chuol Jal,6596,supervisor,NHIAL DIU PHCC,Rubkona,+211 98 924 9906
SUP-002,Akwero Nyikango,2332,supervisor,WAU SHILLUK HEALTH,Malakal,+211 98 832 5267
SUP-003,Mading Thon,1347,supervisor,Baidit PHCC,Bor South,+211 91 462 2306
